entry,entry_name,protein_name,organism,group,benchmark_role,fasta_length,metadata_length,length_match,sequence_match,invalid_residues,invalid_residue_count,missing_required_fields,missing_required_field_count,cysteine_count,cysteine_pct,basic_pct,acidic_pct,hydrophobic_pct,aromatic_pct,annotated_secreted,toxin_keyword_present,exact_duplicate
A0A384E129,O16A_CONMB,Omega-conotoxin MoVIA [Cleaved into: Omega-conotoxin MoVIB],Conus moncuri (Sea snail),Known conotoxin,Known positive reference,76,76,True,True,,0,,0,8,10.526315789473685,19.736842105263158,3.9473684210526314,31.57894736842105,5.2631578947368425,True,True,False
K8DWB5,CA1D_CONTE,Alpha-conotoxin TxID (Alpha-conotoxin TxIC),Conus textile (Cloth-of-gold cone),Known conotoxin,Known positive reference,37,37,True,True,,0,,0,4,10.81081081081081,10.81081081081081,5.405405405405405,35.13513513513514,2.7027027027027026,True,True,False
P01522,O16A_CONGE,Omega-conotoxin GVIA (SNX-124) (Shaker peptide) [Cleaved into: Omega-conotoxin GVIB; Omega-conotoxin GVIC],Conus geographus (Geography cone) (Nubecula geographus),Known conotoxin,Known positive reference,73,73,True,True,,0,,0,8,10.95890410958904,13.698630136986301,4.109589041095891,30.136986301369863,4.109589041095891,True,True,False
P0C195,CM3A_CONKI,Mu-conotoxin KIIIB [Cleaved into: Mu-conotoxin KIIIA],Conus kinoshitai (Kinoshita's cone),Known conotoxin,Known positive reference,22,22,True,True,,0,,0,6,27.272727272727273,31.818181818181817,4.545454545454546,4.545454545454546,4.545454545454546,True,True,False
P0C1V7,CA1AB_CONAN,Alpha-conotoxin AnIB [Cleaved into: Alpha-conotoxin AnIA],Conus anemone (Anemone cone),Known conotoxin,Known positive reference,17,17,True,True,,0,,0,4,23.529411764705884,5.882352941176471,5.882352941176471,23.529411764705884,5.882352941176471,True,True,False
P0C828,CA4A_CONST,Conotoxin SIVA (Conotoxin S4.1) (Conotoxin s4a) (Kappa-conotoxin SIVA) (KappaA-conotoxin) (Spastic peptide),Conus striatus (Striated cone),Known conotoxin,Known positive reference,69,69,True,True,,0,,0,6,8.695652173913043,10.144927536231885,5.797101449275362,36.231884057971016,4.3478260869565215,True,True,False
P0C829,CA4B_CONST,Conotoxin SIVB (Conotoxin S4.2) (Conotoxin s4b) (KappaA-conotoxin),Conus striatus (Striated cone),Known conotoxin,Known positive reference,80,80,True,True,,0,,0,6,7.5,15.0,7.5,30.0,3.75,True,True,False
P0DM21,CA1A_CONTE,Alpha-conotoxin TxIA (Conotoxin tx1a),Conus textile (Cloth-of-gold cone),Known conotoxin,Known positive reference,56,56,True,True,,0,,0,4,7.142857142857143,7.142857142857143,8.928571428571429,44.642857142857146,5.357142857142857,True,True,False
Q9BH73,CM3A_CONTE,Conotoxin elongated-tx3a-a [Cleaved into: Conotoxin tx3a-b (Tx3a); Conotoxin tx3a-a (Conotoxin Tx3a.1) (Tx3.2) (Tx3a); Conotoxin elongated-tx3a-b],Conus textile (Cloth-of-gold cone),Known conotoxin,Known positive reference,70,70,True,True,,0,,0,6,8.571428571428571,11.428571428571429,12.857142857142858,42.857142857142854,7.142857142857143,True,True,False
Q9BPG6,CT5AP_CONTE,Epsilon-conotoxin TxVA (Conotoxin TxMRCL-011) (Epsilon-conotoxin TxIX),Conus textile (Cloth-of-gold cone),Known conotoxin,Known positive reference,67,67,True,True,,0,,0,6,8.955223880597014,14.925373134328359,11.940298507462687,38.80597014925373,5.970149253731344,True,True,False
P01303,NPY_HUMAN,Pro-neuropeptide Y [Cleaved into: Neuropeptide Y (Neuropeptide tyrosine) (NPY); C-flanking peptide of NPY (CPON)],Homo sapiens (Human),Non-toxin neuropeptide,Plausible non-toxin control,97,97,True,True,,0,,0,1,1.0309278350515463,13.402061855670103,12.371134020618557,41.23711340206186,6.185567010309279,True,False,False
P01304,NPY_PIG,Pro-neuropeptide Y [Cleaved into: Neuropeptide Y (Neuropeptide tyrosine) (NPY); C-flanking peptide of NPY (CPON)],Sus scrofa (Pig),Non-toxin neuropeptide,Plausible non-toxin control,76,76,True,True,,0,,0,2,2.6315789473684212,14.473684210526315,15.789473684210526,35.526315789473685,6.578947368421052,True,False,False
P07808,NPY_RAT,Pro-neuropeptide Y [Cleaved into: Neuropeptide Y (Neuropeptide tyrosine) (NPY); C-flanking peptide of NPY (CPON)],Rattus norvegicus (Rat),Non-toxin neuropeptide,Plausible non-toxin control,98,98,True,True,,0,,0,2,2.0408163265306123,13.26530612244898,12.244897959183673,39.795918367346935,6.122448979591836,True,False,False
P0C0P6,NPS_HUMAN,Neuropeptide S,Homo sapiens (Human),Non-toxin neuropeptide,Plausible non-toxin control,89,89,True,True,,0,,0,2,2.247191011235955,17.97752808988764,4.49438202247191,42.69662921348315,10.112359550561798,True,False,False
P0C0P7,NPS_RAT,Neuropeptide S,Rattus norvegicus (Rat),Non-toxin neuropeptide,Plausible non-toxin control,89,89,True,True,,0,,0,1,1.1235955056179776,16.853932584269664,4.49438202247191,43.82022471910113,7.865168539325842,True,False,False
P0C0P8,NPS_MOUSE,Neuropeptide S,Mus musculus (Mouse),Non-toxin neuropeptide,Plausible non-toxin control,89,89,True,True,,0,,0,2,2.247191011235955,17.97752808988764,4.49438202247191,43.82022471910113,8.98876404494382,True,False,False
P57774,NPY_MOUSE,Pro-neuropeptide Y [Cleaved into: Neuropeptide Y (Neuropeptide tyrosine) (NPY); C-flanking peptide of NPY (CPON)],Mus musculus (Mouse),Non-toxin neuropeptide,Plausible non-toxin control,97,97,True,True,,0,,0,2,2.0618556701030926,13.402061855670103,12.371134020618557,39.175257731958766,6.185567010309279,True,False,False
Q18234,FLP21_CAEEL,FMRFamide-like neuropeptide 21 [Cleaved into: GLGPRPLRF-amide],Caenorhabditis elegans,Non-toxin neuropeptide,Plausible non-toxin control,66,66,True,True,,0,,0,1,1.5151515151515151,12.121212121212121,12.121212121212121,50.0,12.121212121212121,True,False,False
Q6IGX9,SIFA_DROME,Neuropeptide SIFamide,Drosophila melanogaster (Fruit fly),Non-toxin neuropeptide,Plausible non-toxin control,72,72,True,True,,0,,0,2,2.7777777777777777,9.722222222222221,8.333333333333334,50.0,9.722222222222221,True,False,False
Q6RUW3,NPY_BOVIN,Pro-neuropeptide Y [Cleaved into: Neuropeptide Y (Neuropeptide tyrosine) (NPY); C-flanking peptide of NPY (CPON)],Bos taurus (Bovine),Non-toxin neuropeptide,Plausible non-toxin control,97,97,True,True,,0,,0,1,1.0309278350515463,13.402061855670103,11.34020618556701,40.20618556701031,6.185567010309279,True,False,False
