group,entry_1,entry_2,k,kmer_jaccard
Non-toxin neuropeptide,P07808,P57774,3,0.9292929292929293
Non-toxin neuropeptide,P01303,Q6RUW3,3,0.7431192660550459
Known conotoxin,P0C828,P0C829,3,0.7058823529411765
Non-toxin neuropeptide,P01303,P07808,3,0.6754385964912281
Non-toxin neuropeptide,P01303,P57774,3,0.6379310344827587
Non-toxin neuropeptide,P01303,P01304,3,0.6095238095238096
Non-toxin neuropeptide,P01304,Q6RUW3,3,0.6095238095238096
Non-toxin neuropeptide,P07808,Q6RUW3,3,0.6050420168067226
Non-toxin neuropeptide,P0C0P7,P0C0P8,3,0.6
Non-toxin neuropeptide,P57774,Q6RUW3,3,0.5702479338842975
Non-toxin neuropeptide,P01304,P07808,3,0.5178571428571429
Non-toxin neuropeptide,P01304,P57774,3,0.49557522123893805
Known conotoxin,A0A384E129,P01522,3,0.2857142857142857
Non-toxin neuropeptide,P0C0P6,P0C0P7,3,0.25
Non-toxin neuropeptide,P0C0P6,P0C0P8,3,0.25
Known conotoxin,P0C828,P0DM21,3,0.15384615384615385
Known conotoxin,P0C829,P0DM21,3,0.11016949152542373
Known conotoxin,K8DWB5,P0C1V7,3,0.08695652173913043
Non-toxin neuropeptide,P0C0P8,Q18234,3,0.04964539007092199
Non-toxin neuropeptide,P0C0P7,P57774,3,0.04678362573099415
Non-toxin neuropeptide,P07808,P0C0P7,3,0.046511627906976744
Known conotoxin,P0C1V7,P0DM21,3,0.046153846153846156
Known conotoxin,K8DWB5,P0C828,3,0.04081632653061224
Non-toxin neuropeptide,P01303,P0C0P7,3,0.040697674418604654
Non-toxin neuropeptide,P0C0P7,Q6RUW3,3,0.040697674418604654
Known conotoxin,K8DWB5,P0C829,3,0.03669724770642202
Non-toxin neuropeptide,P0C0P7,Q18234,3,0.03496503496503497
Non-toxin neuropeptide,P01303,P0C0P8,3,0.03468208092485549
Non-toxin neuropeptide,P0C0P8,P57774,3,0.03468208092485549
Non-toxin neuropeptide,P0C0P8,Q6RUW3,3,0.03468208092485549
Non-toxin neuropeptide,P07808,P0C0P8,3,0.034482758620689655
Non-toxin neuropeptide,Q6IGX9,Q6RUW3,3,0.03125
Known conotoxin,P0C828,Q9BH73,3,0.03076923076923077
Known conotoxin,P0C195,P0C1V7,3,0.029411764705882353
Known conotoxin,P0C829,Q9BH73,3,0.028368794326241134
Non-toxin neuropeptide,P01304,P0C0P7,3,0.025974025974025976
Known conotoxin,P0DM21,Q9BH73,3,0.02564102564102564
Non-toxin neuropeptide,P01303,Q6IGX9,3,0.024844720496894408
Non-toxin neuropeptide,P57774,Q6IGX9,3,0.024844720496894408
Non-toxin neuropeptide,P07808,Q6IGX9,3,0.024691358024691357
Known conotoxin,P0C195,Q9BH73,3,0.023529411764705882
Known conotoxin,K8DWB5,P0DM21,3,0.023255813953488372
Non-toxin neuropeptide,Q18234,Q6IGX9,3,0.022900763358778626
Non-toxin neuropeptide,P01303,P0C0P6,3,0.022598870056497175
Non-toxin neuropeptide,P0C0P6,P57774,3,0.022598870056497175
Non-toxin neuropeptide,P0C0P6,Q6RUW3,3,0.022598870056497175
Non-toxin neuropeptide,P07808,P0C0P6,3,0.02247191011235955
Non-toxin neuropeptide,P01304,Q18234,3,0.022222222222222223
Non-toxin neuropeptide,P01304,P0C0P8,3,0.01935483870967742
Non-toxin neuropeptide,P01303,Q18234,3,0.019230769230769232
Non-toxin neuropeptide,P57774,Q18234,3,0.019230769230769232
Non-toxin neuropeptide,Q18234,Q6RUW3,3,0.019230769230769232
Non-toxin neuropeptide,P01304,P0C0P6,3,0.01910828025477707
Non-toxin neuropeptide,P07808,Q18234,3,0.01910828025477707
Known conotoxin,K8DWB5,P0C195,3,0.018518518518518517
Known conotoxin,Q9BH73,Q9BPG6,3,0.015503875968992248
Known conotoxin,P01522,Q9BH73,3,0.014705882352941176
Known conotoxin,A0A384E129,Q9BH73,3,0.014492753623188406
Non-toxin neuropeptide,P01304,Q6IGX9,3,0.014084507042253521
Known conotoxin,P0C195,P0DM21,3,0.013888888888888888
Non-toxin neuropeptide,P0C0P6,Q6IGX9,3,0.012987012987012988
Known conotoxin,P0C1V7,Q9BH73,3,0.012345679012345678
Known conotoxin,P0C195,P0C828,3,0.011627906976744186
Known conotoxin,P0C195,P0C829,3,0.010309278350515464
Known conotoxin,K8DWB5,Q9BH73,3,0.009900990099009901
Known conotoxin,P01522,P0DM21,3,0.008130081300813009
Known conotoxin,A0A384E129,P0DM21,3,0.008
Known conotoxin,P01522,Q9BPG6,3,0.007462686567164179
Known conotoxin,A0A384E129,Q9BPG6,3,0.007352941176470588
Known conotoxin,A0A384E129,P0C828,3,0.007194244604316547
Non-toxin neuropeptide,P0C0P6,Q18234,3,0.006711409395973154
Known conotoxin,A0A384E129,P0C829,3,0.006666666666666667
Non-toxin neuropeptide,P0C0P7,Q6IGX9,3,0.006535947712418301
Non-toxin neuropeptide,P0C0P8,Q6IGX9,3,0.006535947712418301
Known conotoxin,A0A384E129,K8DWB5,3,0.0
Known conotoxin,A0A384E129,P0C195,3,0.0
Known conotoxin,A0A384E129,P0C1V7,3,0.0
Known conotoxin,K8DWB5,P01522,3,0.0
Known conotoxin,K8DWB5,Q9BPG6,3,0.0
Known conotoxin,P01522,P0C195,3,0.0
Known conotoxin,P01522,P0C1V7,3,0.0
Known conotoxin,P01522,P0C828,3,0.0
Known conotoxin,P01522,P0C829,3,0.0
Known conotoxin,P0C195,Q9BPG6,3,0.0
Known conotoxin,P0C1V7,P0C828,3,0.0
Known conotoxin,P0C1V7,P0C829,3,0.0
Known conotoxin,P0C1V7,Q9BPG6,3,0.0
Known conotoxin,P0C828,Q9BPG6,3,0.0
Known conotoxin,P0C829,Q9BPG6,3,0.0
Known conotoxin,P0DM21,Q9BPG6,3,0.0
